"","x2","x3","scenario_benchmark"
"1",-2.45461175637,-2.31717154169,175.516228934
"2",5.0019190321,6.39863754848,-367.298925512
"3",0.413124465073,0.207894280243,-39.8100279151
"4",-6.13996650963,-4.55098941593,463.078968987
"5",1.08422826244,0.926480330777,-89.0593304578
"6",0.524194679282,0.323113153738,-47.9916991496
"7",0.279554461271,0.0712277597078,-29.9549540714
"8",1.40618197184,1.29090776672,-112.526836004
"9",-1.40951978708,-1.49050721924,96.1507318673
"10",1.21516945513,1.07310963349,-98.6163062688
"11",-3.74411444538,-3.20966056412,274.801016017
"12",2.30141638931,2.3762263681,-177.228942499
"13",-7.83257525709,-5.29350529122,598.92982336
"14",6.39071661974,9.006025156,-461.919338029
"15",-0.899488025278,-1.04994932528,57.7859557552
"16",-4.49438111523,-3.67083591419,333.238215003
"17",3.36853746686,3.82081750054,-253.2696047
"18",3.29877570204,3.72098949156,-248.335204625
"19",-2.91044632953,-2.64791278316,210.443991035
"20",0.100629851732,-0.1086556174,-16.7262199191
"21",-0.134769222462,-0.339861678276,0.725317511966
"22",2.44973573051,2.56679816944,-187.869100206
"23",-3.22405964513,-2.8656014474,234.582101366
"24",0.505823511322,0.303956348881,-46.6392760012
"25",-2.43214313937,-2.30041733523,173.79943928
"26",5.19671037436,6.73941364135,-380.701814472
"27",-2.08829556454,-2.03857132217,147.583791773
"28",-2.55283475018,-2.38990918127,183.026641984
"29",-0.0973387361721,-0.303506732147,-2.05321487456
"30",0.276373869243,0.0679983990646,-29.7200706106
"31",-0.610996611998,-0.789248469057,36.194165542
"32",1.54244684166,1.44915768868,-122.42788216
"33",1.80294341628,1.75849683038,-141.303270225
"34",-6.49928543208,-4.72143067434,491.727076578
"35",1.76020990471,1.70712924405,-138.211562663
"36",4.56101868939,5.65491104393,-336.806324732
"37",-1.0577918286,-1.18942680271,69.667477825
"38",-10.0996616403,-6.07687750838,784.351836413
"39",4.33528410784,5.28840431548,-321.111546819
"40",2.47862608794,2.60428921484,-189.938986757
"41",-1.43303543811,-1.51021109369,97.9254591204
"42",2.44962835344,2.56665905275,-187.861405422
"43",0.836853268743,0.655279963846,-70.9575153732
"44",-2.88143686568,-2.62737639404,208.215623371
"45",2.11926475505,2.14648193045,-164.13060832
"46",-4.51654106656,-3.68385372241,334.97157778
"47",4.78747861168,6.03221543659,-352.495158279
"48",-2.37095481606,-2.25457172669,169.126458582
"49",-3.27267675949,-2.89864904959,238.331863152
"50",5.76232122683,7.77364388104,-419.37764786
"51",-7.31313362095,-5.08146120031,556.997394301
"52",1.02100915006,0.856454446309,-84.4390339754
"53",-1.13238239817,-1.25428434232,75.2740664803
"54",-3.10944503771,-2.78695449459,225.750339968
"55",2.48071139216,2.60700002349,-190.08835749
"56",2.29818059061,2.37210402188,-176.996558365
"57",-0.0323037800308,-0.23997462285,-6.87765484081
"58",1.20257141637,1.05890837065,-97.697562694
"59",0.171295150449,-0.0380442161621,-21.9545635166
"60",0.952999151233,0.781674571674,-79.4641496425
"61",-3.87817902583,-3.29504703087,285.207397649
"62",2.63542518681,2.80990206886,-201.157913677
"63",-3.6976603216,-3.1797626142,271.198799944
"64",3.47472775578,3.9742894847,-260.77071857
"65",2.08762416564,2.10705058826,-161.851882315
"66",-9.0632928533,-5.74563510816,699.11033095
"67",4.93573687068,6.28458505258,-362.735533205
"68",-4.82671555215,-3.86256824401,359.277429691
"69",5.10756478442,6.58250837333,-374.573291286
"70",-7.00518423401,-4.9493433948,532.237978597
"71",1.78160134118,1.73281193468,-139.75943467
"72",1.91615506445,1.89577820011,-149.484961991
"73",-4.52031828616,-3.686069281,335.267075629
"74",6.49309401664,9.21565719048,-468.807061539
"75",-1.34344314978,-1.4348586498,91.1666837827
"76",-0.539979657086,-0.723757482861,30.8911266442
"77",-1.92061346664,-1.90709716597,134.838494252
"78",-1.85014607751,-1.85109079118,129.490058054
"79",3.48733804856,3.99263698472,-261.660690157
"80",-4.81191155351,-3.85418522252,358.115506473
"81",5.18326300362,6.71564135301,-379.777913163
"82",-5.37702927695,-4.16407678612,402.600770672
"83",8.3078211724,13.4052636471,-588.845334546
"84",-8.59586206163,-5.58185368825,660.925697111
"85",0.392364169589,0.186517710444,-38.2794366825
"86",-5.94617468043,-4.45599755348,447.671729509
"87",6.1175740104,8.45908254051,-443.483606254
"88",-8.94881176405,-5.70638493049,689.743112008
"89",2.14555751181,2.17935529037,-166.023404932
"90",0.265764821081,0.0572350331466,-28.9365318236
"91",2.49200536578,2.62169274865,-190.89726843
"92",-0.167195335496,-0.371232275738,3.13346007483
"93",1.15388098847,1.00420993577,-94.1451955753
"94",-2.53585767964,-2.37739553161,181.727903525
"95",-2.24191361079,-2.15682783484,159.282656829
"96",3.86808286477,4.55909476264,-288.451459742
"97",-0.228456278126,-0.430186952216,7.685804648
"98",-6.04555830324,-4.50498582526,455.569301522
"99",6.46727598335,9.16254876659,-467.07122822
"100",-6.67692019772,-4.803032245,505.928206631
"101",-0.588546123424,-0.768601685941,34.5172034988
"102",6.64652951716,9.53469651895,-479.107055877
"103",-13.5391459274,-6.91349438155,1072.71332984
"104",3.5307937685,4.05606380921,-264.726275955
"105",2.42666810521,2.53695045348,-186.215768516
"106",4.58607478864,5.69617775327,-338.544961592
"107",-4.60450104159,-3.73519442006,341.855980785
"108",2.96990299819,3.26079905342,-225.003810588
"109",-10.1376157468,-6.08822095781,787.488519452
"110",6.64789732987,9.5375671863,-479.198752665
"111",-4.30744681765,-3.55967123169,318.632825537
"112",3.60637932999,4.16713051231,-270.053647778
"113",-1.82899071351,-1.83418881598,127.885268843
"114",2.52621078659,2.66630558634,-193.34636232
"115",-0.307289935991,-0.50545585165,13.5493081565
"116",-10.1052530992,-6.07855200216,784.813871828
"117",4.24253122411,5.14051993216,-314.646482805
"118",0.770556102255,0.583868305004,-66.0958434461
"119",-2.36040672835,-2.24663601341,168.321239078
"120",7.73940946023,11.9887739756,-551.669901179
"121",-4.07784965799,-3.41977957066,300.735187004
"122",0.299662749829,0.0916711429059,-31.4397017601
"123",-2.52745545167,-2.37119330566,181.085232975
"124",-3.95430781465,-3.34294568026,291.123632181
"125",-4.30205901058,-3.55643117273,318.212313853
"126",6.94336043043,10.1689361163,-498.955013787
"127",-5.51737295898,-4.23789436658,413.689794694
"128",6.67605179838,9.59676106735,-481.085715021
"129",-0.620222302576,-0.797717776914,36.8834271152
"130",-7.41416598948,-5.12375148936,565.136788276
"131",8.53235444968,13.9945251012,-603.421980874
"132",-1.05922460138,-1.19067779223,69.7751226914
"133",-6.26339106546,-4.61035901004,472.90767524
"134",0.134730540152,-0.0746510718549,-19.2498487579
"135",0.16948415208,-0.0398608558243,-21.820633097
"136",-3.14608016926,-2.81220611696,228.572036089
"137",7.00831315837,10.3108008416,-503.284368973
"138",-4.55444577083,-3.70604276614,337.937474105
"139",-0.978578279195,-1.11994644297,63.7191357308
"140",-0.74072609075,-0.907534374631,45.8938370205
"141",7.06130024151,10.4273691009,-506.812486162
"142",-7.09730249456,-4.98937792018,539.636506052
"143",-4.23481331174,-3.51582007254,312.965967323
"144",1.15809782658,1.00893528724,-94.4529425293
"145",-0.363599174158,-0.558810429398,17.7411439009
"146",1.41697006919,1.30334845251,-113.311385824
"147",2.35121156621,2.43985358024,-180.803698185
"148",-3.05803906799,-2.75134148782,221.792979817
"149",5.05479807896,6.49039098471,-370.94153334
"150",-7.7499938221,-5.26067717231,592.249285423
"151",2.01215289068,2.01355932347,-156.412358286
"152",-2.46012009065,-2.32127237028,175.937181301
"153",2.00638326651,2.00644461615,-155.996277305
"154",3.17301543459,3.54299881339,-239.426846355
"155",3.30896424083,3.73552023351,-249.056184815
"156",-13.7960526166,-6.96248603914,1094.57380395
"157",1.69952846941,1.63460910713,-133.818153894
"158",3.51720660607,4.03619890829,-263.767985944
"159",-4.04638596222,-3.40031609127,298.286058606
"160",3.37501903557,3.83013244361,-253.727796999
"161",4.85479091258,6.14626425512,-357.147523734
"162",-3.37767490659,-2.96939207427,246.437328911
"163",-1.67282809096,-1.70815486695,116.051953857
"164",-4.55333886266,-3.70539618508,337.850845467
"165",3.27260256441,3.68373813391,-246.482586949
"166",-7.11556947172,-4.997264277,541.104427377
"167",1.26632458232,1.1309814241,-102.345286078
"168",4.63684130416,5.78015194724,-342.065517167
"169",2.14675322984,2.18085258107,-166.109466896
"170",-7.09084635524,-4.98658648761,539.117758494
"171",-1.65609038087,-1.69451289221,114.784980302
"172",4.9636567452,6.33259385262,-364.661259117
"173",-0.852594663345,-1.0081503454,54.2709080708
"174",-3.35484574895,-2.95408371425,244.674175575
"175",0.273685623684,0.0652698351773,-29.5215387253
"176",2.15715016302,2.19388019849,-166.857725505
"177",0.156302692082,-0.0530722242942,-20.8457162905
"178",3.73949929356,4.36506013103,-279.421218746
"179",-8.65997492274,-5.60487583471,666.15334716
"180",5.75571678537,7.76116993559,-418.928133741
"181",-8.47756165532,-5.53889770792,651.287880046
"182",4.98553855799,6.37032797722,-366.169913355
"183",-7.06724740493,-4.97636461334,537.221875706
"184",5.20310227479,6.75072621171,-381.140898802
"185",-3.63771218528,-3.14094126421,266.552995756
"186",0.95415496638,0.782940676657,-79.5487352134
"187",0.818627551647,0.635595203872,-69.6214302624
"188",0.805552484131,0.621498222486,-68.6627243565
"189",0.767498884284,0.580588045562,-65.8715479281
"190",-4.53086395177,-3.69224975314,336.092144099
"191",-0.396066806369,-0.589420643415,20.1595191133
"192",2.45481162762,2.5733763657,-188.232832107
"193",3.47389179391,3.97307411414,-260.711714544
"194",-0.85049344526,-1.00627219907,54.1134529852
"195",-5.61564414128,-4.28885975906,421.46425266
"196",3.61367992977,4.17790842903,-270.567879642
"197",0.632987107116,0.437372354839,-55.9938184498
"198",-3.02769275013,-2.73021896424,219.457947073
"199",0.0907715745447,-0.118461795534,-15.9964452899
"200",2.46724645866,2.58950734457,-189.123782172
"201",-2.85730821932,-2.61024296037,206.362749513
"202",4.15182349982,4.99739714929,-308.314889666
"203",-2.66753214131,-2.47381611922,191.807747108
"204",-0.782248597025,-0.945028950929,49.0017885152
"205",-1.4200329882,-1.49932278866,96.9440999781
"206",1.22974532212,1.08956548892,-99.6790892862
"207",2.80742510061,3.03965154877,-213.43493974
"208",-1.19364504555,-1.30714423023,79.8827717499
"209",0.109893532103,-0.0994309678287,-17.4118924735
"210",-2.48932120909,-2.34296875044,178.169217928
"211",0.457213572826,0.253458050856,-43.0591767426
"212",-0.412523083373,-0.604892693554,21.3856628441
"213",3.18080015557,3.55394361836,-239.978772168
"214",-3.73408528887,-3.20321940274,274.023160604
"215",4.67212939953,5.83881075112,-344.511000454
"216",-3.64172066315,-3.14354550269,266.863542997
"217",-3.54471807177,-3.08018406294,259.352447304
"218",1.74357062282,1.68719457482,-137.007231575
"219",1.08695998202,0.929517385658,-89.2588850878
"220",-2.10135003049,-2.04870167971,148.577124451
"221",0.493317281416,0.290937908814,-45.7184198658
"222",-2.77644234647,-2.55247336103,200.156739759
"223",7.00143271063,10.2957197009,-502.825995228
"224",-5.64875768351,-4.30590025885,424.085739992
"225",3.63083431232,4.20326854817,-271.77595678
"226",-0.903223185112,-1.05326917323,58.0660264679
"227",2.48488699796,2.61243004492,-190.387443336
"228",-7.6411852442,-5.21691959919,583.455164069
"229",6.93664457478,10.1543319573,-498.507092396
"230",-5.01418439223,-3.96747627646,374.007323049
"231",1.18947408896,1.04416554639,-96.7422385262
"232",-3.16367308403,-2.82429459367,229.927493534
"233",-1.79937316769,-1.81045743809,125.639253486
"234",4.46995452138,5.50592127013,-330.481585611
"235",-6.06924002538,-4.51657405081,457.452372734
"236",2.39776628173,2.49966263404,-184.143501703
"237",-0.874088394671,-1.02733659931,55.8817839187
"238",-1.40769364116,-1.48897487853,96.0129341046
"239",1.85584119402,1.82242421339,-145.127768425
"240",-1.39184595681,-1.47566353675,94.8172261799
"241",1.39832365779,1.28185513853,-111.955276839
"242",0.413278510911,0.208053085573,-39.8213836503
"243",1.35190961986,1.22854948784,-108.578172874
"244",-2.38933555399,-2.26837734718,170.52984766
"245",-1.25597951723,-1.36055312402,84.5757196437
"246",1.70083498575,1.636165327,-133.912786703
"247",0.54027856576,0.3399173714,-49.1754678028
"248",1.56012106603,1.46986123598,-123.710721075
"249",-1.87590740083,-1.87161770099,131.444799009
"250",-1.08063398395,-1.20934667408,71.3838493036
"251",0.645293378805,0.450385174717,-56.8982594603
"252",2.25078122457,2.3118893418,-173.591255825
"253",-2.42440291312,-2.29463567446,173.208127265
"254",-1.56867636227,-1.62284273982,108.172324754
"255",4.31583601708,5.25726698481,-319.756754599
"256",-6.45429544714,-4.70048723638,488.134353149
"257",3.96642487425,4.70941249208,-295.345830875
"258",-1.27968819255,-1.38076800268,86.361618966
"259",-1.24154473733,-1.34821883424,83.4886510209
"260",2.22643559294,2.28108565654,-171.841295906
"261",-0.646718069087,-0.821992193876,38.8634059469
"262",1.61894507021,1.5390638654,-127.978033267
"263",-2.67869293739,-2.4819219963,192.662837346
"264",2.04077782462,2.04892580206,-158.476162899
"265",-3.18929994615,-2.84185955102,231.902422519
"266",-1.4077847955,-1.48905137476,96.019812377
"267",2.66671640304,2.85136977143,-203.393722915
"268",0,-0.208243841377,-9.2725
"269",0.434144864805,0.229589582488,-41.3593651647
"270",-0.441289734002,-0.63186989975,23.529665633
"271",-0.888631440829,-1.04029190712,56.9719794236
"272",-0.56819447376,-0.749839793904,32.9974316289
"273",0.307100796306,0.0992448663842,-31.9888090947
"274",6.108065955,8.44036098069,-442.840312701
"275",-7.85087215108,-5.30073446209,600.410691803
"276",-1.90526668925,-1.89493810027,133.673293551
"277",3.09818813858,3.43828432492,-234.118423583
"278",-0.540874050046,-0.724585553443,30.9578836016
"279",6.55606609236,9.34588411293,-473.037638106
"280",-8.54988100343,-5.5652311467,657.178402372
"281",1.36580179921,1.24447530407,-109.589200978
"282",-2.18792172424,-2.11550087767,155.168423468
"283",-2.83709039456,-2.59584989986,204.810594201
"284",1.25267572949,1.11550797761,-101.350602739
"285",2.03620868772,2.04327295589,-158.146793002
"286",-0.0680398019225,-0.274942472899,-4.22718255286
"287",0.93647724067,0.763594059062,-78.2548876981
"288",-0.864830616348,-1.01907842096,55.1878940102
"289",-3.33423527401,-2.94022840048,243.082771375
"290",1.05738431862,0.896685407758,-87.0979590358
"291",0.0230872318853,-0.185495264098,-10.9834553162
"292",4.52934400123,5.60291243409,-334.607436359
"293",-2.73683536513,-2.52398214627,197.119259893
"294",-0.676081385548,-0.848808941421,41.0584520336
"295",-0.46920890123,-0.657968677073,25.6112623934
"296",1.55066540888,1.45877979576,-123.024445435
"297",-1.57583839464,-1.62874169158,108.713848591
"298",-2.3993303206,-2.27587214577,171.293087331
"299",2.59939976796,2.76234062412,-198.582572423
"300",-1.87701707456,-1.87250054744,131.529013546
"301",1.42490161355,1.31250460753,-113.888121801
"302",1.47163291751,1.36661679314,-117.284862534
"303",-2.03780684708,-1.99924922779,143.743500805
"304",1.04204036588,0.879694954662,-85.976519217
"305",4.52535791918,5.59638201323,-334.330640371
"306",-9.893284636,-6.01425354389,767.314335459
"307",3.41373573288,3.88591589125,-256.463808886
"308",0.354796914727,0.14796191037,-35.5086475784
"309",1.89539393235,1.87047240475,-147.985556307
"310",-0.166428393022,-0.370491621773,3.07649096614
"311",-3.90179460234,-3.30995079026,287.042108606
"312",1.01242784684,0.846987439594,-83.8115717714
"313",-0.0654438665747,-0.272407079418,-4.41975973796
"314",5.46372184933,7.21918020382,-399.004775342
"315",-6.06274489704,-4.51339901814,456.935861817
"316",-0.585961958521,-0.766221772718,34.3242075128
"317",0.305125092642,0.0972325058369,-31.8429597597
"318",-0.723514019533,-0.891940266251,44.6059966245
"319",-5.11542363273,-4.02317729489,381.974242429
"320",3.28617006194,3.70303458894,-247.443028322
"321",1.98260956651,1.97717702785,-154.281458191
"322",0.581840161317,0.38348127418,-52.2332080199
"323",2.37102629399,2.46527146263,-182.225467698
"324",-5.74047142616,-4.35275012017,431.351131958
"325",2.03712343921,2.04440443651,-158.212735312
"326",-4.35447934642,-3.58786885625,322.304713683
"327",2.38465267806,2.48278390471,-183.202967919
"328",-0.275781000988,-0.475451994753,11.2050138398
"329",-1.55935294275,-1.6151563736,107.467448936
"330",1.2833006272,1.15025993495,-103.582183081
"331",1.96578902065,1.95651649151,-153.067826668
"332",2.96155109881,3.24933257908,-224.409809418
"333",-6.96018086046,-4.92962351453,528.625958233
"334",7.25408920298,10.8579585772,-519.621251458
"335",-4.76652849342,-3.82839547695,354.554676322
"336",2.43153372776,2.54323976206,-186.564549458
"337",-4.10936145109,-3.43920153895,303.188916321
"338",3.37405413818,3.82874531651,-253.659589718
"339",-3.67167257743,-3.1629665141,269.184440622
"340",-1.82927267502,-1.8344143559,127.906654978
"341",1.89702317765,1.8724561662,-148.10323922
"342",-1.6419327748,-1.68295350569,113.713511993
"343",1.60777763552,1.52589097132,-127.168175751
"344",-0.333125767818,-0.52997812235,15.4722302298
"345",-1.73827525341,-1.76124828973,121.008511874
"346",4.46129285206,5.49183041371,-329.879526343
"347",-5.45589897587,-4.20571080199,408.83051611
"348",-0.648639073114,-0.823749319578,39.0069849548
"349",2.50758969556,2.64199755779,-192.013250847
"350",1.60185799141,1.51891495871,-126.73883444
"351",3.19630061706,3.57576483625,-241.07754194
"352",-8.91720220997,-5.69545011008,687.158446945
"353",1.96461204572,1.95507228144,-152.982895037
"354",-1.72558083678,-1.75098097204,120.04680701
"355",4.28923431956,5.21478785014,-317.902958306
"356",-7.96549004988,-5.34565776095,609.69324914
"357",4.27107470686,5.18586328817,-316.637022623
"358",-2.04938879298,-2.00828963813,144.624244846
"359",-3.39447235742,-2.98063004634,247.734931605
"360",6.16980086717,8.56229491841,-447.015303599
"361",-5.24617585196,-4.09414209828,392.276370048
"362",4.37991582175,5.36012307989,-324.21911471
"363",1.6167612651,1.53648659257,-127.819674617
"364",-4.96096851532,-3.9379306964,369.823008151
"365",1.28328141179,1.15023809259,-103.580783185
"366",-6.10984790651,-4.53636910173,460.682406024
"367",4.43613489891,5.45098214219,-328.130368809
"368",0.318909705824,0.111282207348,-32.8604804821
"369",-2.67688074188,-2.48060653884,192.523987424
"370",0.027783390171,-0.180860745775,-11.3314163141
"371",3.78509597189,4.43354342398,-282.625447923
"372",-2.9870584644,-2.70181966589,216.332578167
"373",-0.309634295861,-0.507683968584,13.7237688763
"374",3.78180128213,4.4285831628,-282.39399425
"375",-2.98709818355,-2.70184749053,216.335632431
"376",-4.75567285514,-3.82220621814,353.703183388
"377",3.24299616435,3.64173251946,-244.386074927
"378",4.77943160372,6.01864002391,-351.938644136
"379",-1.8855444493,-1.87928112336,132.176204527
"380",-1.62850786988,-1.67197513271,112.697666938
"381",-6.35455355646,-4.65365358201,480.175185436
"382",2.46284853426,2.58379960107,-188.808691217
"383",0.330891304851,0.12351193292,-33.7447594931
"384",2.62965747385,2.80227448147,-200.74568947
"385",-0.62091018178,-0.79834890551,36.9348225817
"386",2.09118349346,2.11147933471,-162.108273195
"387",-4.35495438145,-3.58815286795,322.341809934
"388",-0.922603764882,-1.07047230112,59.5194377287
"389",0.925565527225,0.751671358679,-77.4560950316
"390",-2.48439599945,-2.33931441698,177.792697204
"391",3.87382333647,4.56782324687,-288.854188957
"392",4.65187174016,5.8051078412,-343.10730222
"393",-6.36496721902,-4.65856936279,481.005795135
"394",-1.24546227473,-1.35156830593,83.7836575062
"395",4.45276784899,5.47797547297,-329.286886098
"396",-5.36514287208,-4.15776851327,401.66233812
"397",0.315690048321,0.10799868302,-32.6228358774
"398",-0.911796498965,-1.06088391309,58.7089227467
"399",-0.27350572877,-0.473281272875,11.0357684123
"400",2.01326008967,2.01492517238,-156.492200907
"401",1.44525752437,1.33604073171,-115.367995254
"402",0.896179626857,0.719635346373,-75.3043093823
"403",-3.17437899509,-2.83163886666,230.75247164
"404",0.596645002602,0.39904858432,-53.3220082621
"405",-1.53185896891,-1.59244240665,105.389299519
"406",-0.277229438068,-0.47683358491,11.3127579828
"407",0.598166012059,0.400649395413,-53.4338564242
"408",3.28252542896,3.69784808974,-247.185044445
"409",-2.12789312654,-2.06925277535,150.597306019
"410",1.15574807288,1.00630189823,-94.281458526
"411",-2.79010860249,-2.56227411088,201.205138345
"412",-0.280567668216,-0.480016892527,11.5610848738
"413",1.4243647956,1.3118846492,-113.84908951
"414",2.50256930311,2.63545261422,-191.653771799
"415",-4.41396416058,-3.62331122442,326.951481852
"416",1.97173141169,1.96381102906,-153.496613589
"417",1.14872457904,0.998434746794,-93.7688540406
"418",-2.13310041169,-2.0732772278,150.993705332
"419",2.25445391996,2.31654358388,-173.855195441
"420",-4.44544862411,-3.64197103113,329.41217541
"421",1.43954164387,1.32942642973,-114.952493324
"422",1.69376236552,1.62774369911,-133.400486179
"423",-2.11957702941,-2.06282070824,149.964302877
"424",-1.16784100511,-1.28492423224,77.9411398685
"425",1.94701041085,1.93349687789,-151.712575073
"426",-1.46118814871,-1.53373122234,100.050822575
"427",1.38868039839,1.27075718531,-111.253808077
"428",2.18049500091,2.22318728074,-168.537428386
"429",-4.28548755823,-3.54645285418,316.919088646
"430",2.43893611072,2.55281467935,-187.095125106
"431",0.566590196998,0.367472974689,-51.1114460492
"432",-1.46360285217,-1.5357450791,100.233152773
"433",1.11971444696,0.966005550041,-91.6510479202
"434",-1.7719431624,-1.788407285,123.559848881
"435",-0.569005962292,-0.750588719742,33.0580224685
"436",0.567894023716,0.368840564467,-51.2073623266
"437",0.834080364965,0.65228247874,-70.7542614773
"438",0,-0.208243841377,-9.2725
"439",0.558579178057,0.359074577473,-50.5220770664
"440",-0.570463188737,-0.751933427159,33.1668297406
"441",-1.44500331136,-1.52021882857,98.8288727663
"442",0.288019682288,0.0798284127811,-30.5800538032
"443",2.65338353186,2.83368298235,-202.44119218
"444",-3.88771308024,-3.30106887906,285.948046834
"445",0.566642321929,0.367527644919,-51.1152806624
"446",2.37844703205,2.47480517267,-182.757824496
"447",1.63925615737,1.56306476739,-129.450660174
"448",-4.86475382263,-3.88404149227,362.263793527
"449",0.291456865952,0.0833229256881,-30.8338467483
"450",5.02478378731,6.43824293639,-368.874361887
"451",-5.54362301114,-4.25156611118,415.76571369
"452",0.836704504833,0.655119127646,-70.9466111696
"453",-1.44500331136,-1.52021882857,98.8288727663
"454",2.66892016883,2.85429573984,-203.551147092
"455",-1.74388793922,-1.76578313109,121.433765702
"456",-0.856238731504,-1.01140648908,54.5439867602
"457",2.15688724558,2.19355056908,-166.838804928
"458",-2.04289141252,-2.00321951149,144.130139258
"459",0.831472629935,0.649464391118,-70.5631074916
"460",-1.73019016654,-1.7547107415,120.395983865
"461",1.36306806621,1.24133942605,-109.390264048
"462",-0.278174413023,-0.477734826572,11.3830524356
"463",0.549063839126,0.349108937911,-49.8219534688
"464",-0.558775359117,-0.741141830609,32.2941872346
"465",0.816579070575,0.633385251092,-69.471240258
"466",0.2761762358,0.0677977734055,-29.7054752573
"467",-1.13079909044,-1.25291332513,75.1550030913
"468",-0.836031056043,-0.993333055333,53.0298250998
"469",0.816558487879,0.633363048543,-69.4697311602
"470",1.07353340426,0.914599019179,-88.2779894761
"471",-2.27627555753,-2.18299688387,161.902451606
"472",3.07864250068,3.41107681395,-232.730834959
"473",-3.7858774094,-3.23640216733,278.041069425
"474",2.0937122728,2.11462688039,-162.290422138
"475",-2.54435656241,-2.38366302869,182.378031829
"476",0.0260325629461,-0.182588878951,-11.2016915891
"477",2.05100712189,2.0615917944,-159.213472303
"478",0,-0.208243841377,-9.2725
"479",2.05100712189,2.0615917944,-159.213472303
"480",-2.80589126296,-2.57357350339,202.416103826
"481",-1.36113673879,-1.44980085278,92.5008818281
"482",1.302202484,1.1717686981,-104.959056523
"483",2.03775398957,2.04518444872,-158.258189722
"484",-1.6395723423,-1.68102444977,113.534889055
"485",2.0599318827,2.07265437598,-159.856665299
"486",-3.11654170845,-2.79185437198,226.29684382
"487",0.533768700562,0.333112296204,-48.6963745707
"488",-1.64675469009,-1.68689258999,114.078420758
"489",5.8821038104,8.00156375825,-427.521712621
"490",-7.94080450919,-5.33603515768,607.693183007
"491",2.08106096701,2.09888886537,-161.379077931
"492",0.268238352302,0.0597433955266,-29.1192260568
"493",2.58584522622,2.74449541573,-197.61325146
"494",0.0513535849555,-0.157562858096,-13.0775223963
"495",-2.90835319214,-2.64643330153,210.283181115
"496",0.279221427138,0.0708895649275,-29.9303603053
"497",0.559438379016,0.359974963709,-50.5852913264
"498",1.66489054396,1.59343416732,-131.308647697
"499",-2.99717711563,-2.70890401894,217.110712462
"500",-3.62720190221,-3.13410717194,265.738803437
"501",4.6245849636,5.75983377038,-341.215824876
"502",-0.562110515777,-0.74422269793,32.5431850582
"503",-1.46360285217,-1.5357450791,100.233152773
"504",-0.865997388755,-1.02011968896,55.2753415848
"505",1.11400081321,0.959630955102,-91.2338403092
"506",1.11400081321,0.959630955102,-91.2338403092
"507",-1.16230335641,-1.28014724971,77.5245394055
"508",-2.36539163727,-2.25038753768,168.701764286
"509",1.38773721486,1.26967236608,-111.185194108
"510",1.10060316629,0.94469946808,-90.2554206108
"511",0.558136388603,0.358610597125,-50.489499296
"512",-1.15051839593,-1.26997110898,76.6380458894
"513",-1.7325309145,-1.75660407425,120.573313253
"514",2.40228839079,2.5054888752,-184.467795038
"515",0.00176389698851,-0.206507904801,-9.40323762722
"516",-0.56591047334,-0.747731512558,32.8268971593
"517",-1.14172327326,-1.26236778026,75.976540209
"518",-1.40765534948,-1.48894274412,96.010044715
"519",3.35457772927,3.80077845876,-252.282616901
"520",0.00690176784929,-0.2014495107,-9.78403238475
"521",-4.15240581643,-3.46561667574,306.542037199
"522",2.37258419449,2.46727229948,-182.337234752
"523",0.80912579085,0.625348754492,-68.9247475069
"524",0.00169897561179,-0.20657180319,-9.39842579722
"525",0.819073324477,0.636076182141,-69.6541127677
"526",-0.553032356544,-0.735833982033,31.8654481016
"527",-0.847150821572,-1.0032835178,53.8629815996
"528",-0.279934368805,-0.479413075786,11.513973675
"529",2.9071847155,3.17495461789,-220.541385808
"530",-2.3323314382,-2.2254671837,166.17852048
"531",-0.572304849919,-0.753632568628,33.3043446428
"532",1.38608093458,1.26776764367,-111.064702169
"533",-5.92830926354,-4.44712991697,446.252901671
"534",0.626896919366,0.430939159876,-55.5461689904
"535",2.63294288204,2.80661870686,-200.98050513
"536",0.273196747491,0.0647737155029,-29.4854335595
"537",-2.54841141054,-2.3866511229,182.688233391
"538",2.57423925309,2.72923716102,-196.7831256
"539",-1.65486803973,-1.69351561113,114.692464424
"540",4.62533007579,5.76106818122,-341.267485815
"541",-3.7296049844,-3.20033953501,273.675699204
"542",-3.7296049844,-3.20033953501,273.675699204
"543",3.27289171752,3.68414907611,-246.503058099
"544",-2.48930986524,-2.34296033607,178.168350692
"545",4.12562566209,4.95633478913,-306.484556556
"546",-2.20044582943,-2.12510993204,156.122535746
"547",1.04660662881,0.884748147972,-86.310277154
"548",0.274644228496,0.0662427224766,-29.592334266
"549",-0.537930919024,-0.721860350514,30.738212935
"550",-3.13152114083,-2.80218373221,227.450533953
"551",0.550052256551,0.350143634877,-49.8946838095
"552",3.00920587851,3.31490353287,-227.798110946
"553",0.550052256551,0.350143634877,-49.8946838095
"554",0.29944018906,0.0914446200595,-31.4232705708
"555",-5.36738234015,-4.15895770444,401.839135299
"556",0.563061168732,0.363772366011,-50.8518239686
"557",2.06930784356,2.08428817073,-160.532287441
"558",2.07839037429,2.09556954588,-161.186679198
"559",-0.522461233401,-0.70752122967,29.5837159532
"560",4.62195178282,5.75547228057,-341.033253379
"561",-9.79879630214,-5.98504283008,759.5242038
"562",0.0113788000994,-0.197039345028,-10.1158280329
"563",-0.552677398651,-0.735505806676,31.838950045
"564",-1.09951027585,-1.22576916535,72.8025939957
"565",3.35013226403,3.79440366217,-251.968268007
"566",-1.40649484412,-1.4879687808,95.9224766754
"567",1.3355609046,1.2098392904,-107.388117104
"568",0.547347695919,0.347312714721,-49.695672876
"569",-1.12363629987,-1.2467078474,74.6163967747
"570",2.88962117527,3.15102316349,-219.290992931
"571",-2.00640029554,-1.9746742613,141.355821206
"572",-4.86689599421,-3.88524793878,362.432010607
"573",5.45909265206,7.21073526116,-398.688139465
"574",5.69233776679,7.64195358071,-414.611883198
"575",-7.75582272941,-5.26300507602,592.720649079
"576",0.0326834900288,-0.17602234841,-11.6944655164
"577",-2.53421764182,-2.37618538328,181.602455125
"578",1.19669321906,1.05228897994,-97.2688259609
"579",1.22118919949,1.07990253984,-99.0552550224
"580",-4.68781324101,-3.78333777684,348.382685035
"581",-0.596325499757,-0.775761988135,35.0982375193
"582",0.919171129193,0.744691294161,-76.9879376716
"583",5.41092604969,7.12313493381,-395.392121878
"584",-2.50988957883,-2.35820748411,179.741858424
"585",-10.8637504806,-6.29523286324,847.699195894
"586",4.99226131493,6.38194013322,-366.633310617
"587",0.598569184129,0.401073766281,-53.463503494
"588",0.298472535172,0.090459805719,-31.3518301747
"589",-0.895122296661,-1.04606724123,57.4586202855
"590",0.0121446919344,-0.19628466932,-10.1725868069
"591",1.69556769686,1.62989273841,-133.531258983
"592",0.291145163613,0.0830059687018,-30.8108319122
"593",0.583370051807,0.385088756349,-52.3457315696
"594",-0.289894368451,-0.48890440235,12.2549435892
"595",-1.20730895752,-1.31888398045,80.9111692124
"596",-1.50840968885,-1.57301373255,103.617425362
"597",-0.862885745384,-1.01734244518,55.0421321566
"598",1.96059009242,1.95013857194,-152.692656354
"599",2.9928881639,3.29241147079,-226.638174912
"600",-2.73186461153,-2.52039727891,196.738149611
"601",1.97442081337,1.96711398219,-153.690661675
"602",-2.13154421351,-2.07207477029,150.875238727
"603",0.584356753528,0.386125647382,-52.418302325
"604",-1.20782140814,-1.31932391338,80.9497415789
"605",-0.293340540332,-0.492185929964,12.5113422849
"606",-0.584962962186,-0.765301550472,34.2496000942
"607",0.865732575724,0.686553787309,-73.0739153856
"608",1.68883843321,1.62188453517,-133.043794406
"609",-3.06644714686,-2.75718087152,222.440094126
"610",0.301857588351,0.0939053582393,-31.6017394372
"611",0.0116007794578,-0.196820623154,-10.1322785557
"612",2.44763308571,2.56407430829,-187.718419696
"613",-3.31955771429,-2.93034134089,241.949695998
"614",2.43893611072,2.55281467935,-187.095125106
"615",-2.35948246383,-2.24594019851,168.250687417
"616",3.17949756976,3.55211160013,-239.886425131
"617",-0.271565083689,-0.471429361432,10.891418057
"618",-4.28340575009,-3.54519795291,316.756642381
"619",2.94335866412,3.22439310311,-223.115678517
"620",-0.571382535476,-0.752781673074,33.2354759896
"621",-3.57853643524,-3.10235482563,261.97013194
"622",3.87511519781,4.56978832608,-288.944816028
"623",-2.31854445213,-2.21504683247,165.126553477
"624",-1.6802088706,-1.71416227429,116.610729838
"625",2.60862103464,2.77449640028,-199.241900001
"626",3.08797561133,3.42406103045,-233.393463762
"627",-3.18679036569,-2.84014174658,231.708996502
"628",0.818674727282,0.635646104119,-69.6248890243
"629",-0.276417315961,-0.476058970912,11.2523468254
"630",-2.01543210382,-1.98175049053,142.042370905
"631",-1.10533588891,-1.23083039122,73.2405155039
"632",2.35820182426,2.44881407296,-181.305317773
"633",1.07191355202,0.912800708889,-88.1596369468
"634",-2.27809163056,-2.18437709167,162.040940999
"635",1.59043481627,1.50546638622,-125.910231334
"636",-1.97693943558,-1.95154152841,139.116883915
"637",3.31465310888,3.74364087353,-249.458702974
"638",-4.10158910451,-3.43441774639,302.583627238
"639",1.07514076835,0.916383788676,-88.3954269825
"640",1.58333773394,1.49711962144,-125.395363501
"641",-0.828238965956,-0.986352878447,52.4460668589
"642",-1.11436655551,-1.23866952534,73.9194295173
"643",0.273597908713,0.0651808185593,-29.5150606942
"644",1.32557916427,1.19843260107,-106.661393947
"645",-4.06106032398,-3.40940253145,299.428201827
"646",2.57088042938,2.72482505829,-196.542857051
"647",-0.538816451898,-0.722680408229,30.8043068449
"648",1.30222065185,1.17178939357,-104.960379757
"649",1.31377749624,1.18496264626,-105.802041165
"650",-1.09031297864,-1.2177718502,72.1112820308
"651",-1.67438437727,-1.70942198868,116.169771286
"652",0.271502796603,0.0630548771146,-29.360327732
"653",-0.81427301781,-0.973826726319,51.3999269962
"654",0.0100796980873,-0.198319273417,-10.0195527753
"655",3.00956260467,3.31539569944,-227.823465498
"656",-1.93256714486,-1.91655318333,135.746224486
"657",-0.269302185075,-0.469269419023,10.7231022002
"658",0.53057598977,0.329776621538,-48.4613919238
"659",0.26783061555,0.0593298691508,-29.0891111606
"660",-3.39982302899,-2.98420521944,248.148323052
"661",2.05543214164,2.06707539117,-159.532386503
"662",-0.262890262762,-0.463146227532,10.246206045
"663",1.03326445466,0.869990479227,-85.3350106362
"664",-0.80080699105,-0.961730193992,50.3914094664
"665",0.520833463278,0.319605238907,-47.7442826256
"666",-1.6146979014,-1.66066435167,111.652858746
"667",0.777901996203,0.59175472992,-66.6347436428
"668",-0.255626417833,-0.456204122817,9.70599468616
"669",1.50498326273,1.40540838446,-119.707637669
"670",-0.521003787565,-0.706169005567,29.4749590849
"671",0.512551024718,0.310966971563,-47.1345712661
"672",-2.42343330985,-2.29391105554,173.134058567
"673",3.14286510736,3.50069984624,-237.28862468
"674",1.03997508216,0.877410286673,-85.8255563712
"675",-1.31992885877,-1.41495434615,89.3940236725
"676",0.79908550263,0.614533445399,-68.1884818617
"677",-2.21417145433,-2.13562505441,157.168346405
"678",-1.36703715911,-1.45477707305,92.9458722916
"679",0.791055734876,0.605892623308,-67.5995780219
"680",-0.263672287814,-0.463893274933,10.3043681906
"681",0.00353251121652,-0.204766979384,-9.53432186142
"682",1.78001781074,1.73090862603,-139.644867298
"683",0.00629847650345,-0.202043621566,-9.73932060151
"684",-1.6378835395,-1.67964396295,113.407094065
"685",1.04046315962,0.877950162259,-85.8612329977
"686",-2.48757344823,-2.34167220908,178.035603201
"687",0.0191138740591,-0.189414554934,-10.6890333804
"688",3.41473820385,3.88736349969,-256.53462977
"689",-0.787607879953,-0.949855529124,49.4030489656
"690",-0.802012122394,-0.962813514745,50.4816589386
"691",-2.47729830741,-2.33404454779,177.250133858
"692",1.53757704961,1.44346043256,-122.074365038
"693",0.260739374773,0.0521409703451,-28.5653355473
"694",-3.56247601624,-3.09183669868,260.726862463
"695",2.92402593518,3.19794628797,-221.740050213
"696",1.72870560937,1.66941699666,-135.931081526
"697",-1.30853472826,-1.40529034305,88.5352457762
"698",0.255480446502,0.0468133212318,-28.1768671049
"699",1.99097598281,1.98746795024,-154.885001657
"700",-2.42876750485,-2.29789649231,173.541552134
"701",0,-0.208243841377,-9.2725
"702",0.259216451537,0.0505978220562,-28.4528424729
"703",-0.261746711246,-0.462053705014,10.1611568753
"704",0,-0.208243841377,-9.2725
"705",-0.791669299989,-0.953511300971,49.707153911
"706",1.01989252536,0.855222055116,-84.3573908839
"707",-1.87383352757,-1.86996744651,131.287413191
"708",6.13546967888,8.49437666964,-444.694104886
"709",-2.66875149047,-2.4747022151,191.901162733
"710",-4.33000062591,-3.57321231744,320.393392742
"711",0.79699901421,0.612287428691,-68.0354647724
"712",0.531371183235,0.3306073104,-48.5199188847
"713",-1.09374545494,-1.22075746282,72.3692737375
"714",-1.91376666436,-1.90167515737,134.318625567
"715",2.04360137974,2.0524204973,-158.679690422
"716",-0.793618554339,-0.955265270285,49.8531128217
"717",1.76807682289,1.71656715299,-138.780862519
"718",2.98956015969,3.28782927221,-226.401571046
"719",-6.46138120747,-4.7037932115,488.700085813
"720",3.9127234909,4.62712133639,-291.582334605
"721",-2.49665207904,-2.34840418074,178.729686333
"722",-1.63662577219,-1.67861564727,113.311918083
"723",1.0453869338,0.883398135441,-86.2211290708
"724",4.35266207768,5.31628567094,-322.321780245
"725",-10.5597647367,-6.21084550114,822.446837841
"726",3.24834534917,3.6493115869,-244.764934557
"727",4.28588039052,5.20944122431,-317.669177668
"728",-3.31701379328,-2.92862600683,241.753330214
"729",1.03590662732,0.872911210052,-85.5281583749
"730",-0.261276345446,-0.461604287562,10.1261748019
"731",1.81905726615,1.77793039694,-142.468600561
"732",-2.22628905463,-2.14489457124,158.091777786
"733",-2.53895634891,-2.37968135133,181.964930966
"734",2.55901443039,2.70925136753,-195.693946047
"735",-1.09712916009,-1.22369951655,72.623610548
"736",-1.09205884959,-1.21929057671,72.2425037603
"737",2.78772794568,3.01311534589,-212.030564484
"738",-4.32061383471,-3.56758090558,319.660599763
"739",2.30050494312,2.37506505151,-177.163486607
"740",-1.91469185926,-1.9024080702,134.388871882
"741",5.42252936854,7.14419304117,-396.186370698
"742",-3.06508322687,-2.75623401778,222.33511794
"743",0.552523462003,0.352731049771,-50.076517365
"744",-1.97874899584,-1.9529646425,139.254382155
"745",-0.275582320431,-0.475262465909,11.190234849
"746",-1.97201071418,-1.94766388433,138.742393503
"747",3.77479282751,4.41803785677,-281.901607758
"748",-2.86240115779,-2.6138633482,206.753800333
"749",-0.542872272792,-0.726435298666,31.1070325155
"750",-1.35833673841,-1.44743825742,92.2897262918
"751",2.78704532005,3.01219675849,-211.981887091
"752",-0.267675530536,-0.467716432499,10.6021136311
"753",2.0599318827,2.07265437598,-159.856665299
"754",-2.52426023041,-2.36883313833,180.840853259
"755",-2.22413614803,-2.14324861541,157.927704057
"756",1.56427153155,1.47472903485,-124.011926264
"757",2.03957753099,2.04744054188,-158.389640846
"758",0.277347803822,0.0689871444085,-29.7919957307
"759",-1.08910525835,-1.21672108298,72.0205100196
"760",-1.94902031171,-1.92954747026,136.995848318
"761",-2.47056468475,-2.32904102742,176.735442876
"762",2.76617812878,2.9841504197,-210.493631645
"763",-1.05308161595,-1.18531276677,69.313611033
"764",2.47007306279,2.59317727442,-189.326284687
"765",0.00341964846953,-0.204878085553,-9.52595691314
"766",-0.259427793585,-0.459837832308,9.98869625494
"767",-0.527201604473,-0.711917825539,29.9374638255
"768",-3.00547414053,-2.71470684498,217.748829938
"769",3.38300982426,3.84162572509,-254.292616834
"770",1.27409738761,1.13980390065,-102.91165885
"771",-0.240756944824,-0.441975516424,8.60031197881
"772",-0.791121748639,-0.953018536163,49.6661542665
"773",-2.77865380546,-2.55406035189,200.326379151
"774",1.78734402975,1.73971713806,-140.17489292
"775",-0.802014538671,-0.962815686644,50.4818398893
"776",1.03288730214,0.869573635023,-85.3074395168
"777",0.526226423149,0.325234214988,-48.1412488629
"778",2.06877355393,2.08362488955,-160.493789504
"779",-5.58406750714,-4.2725479417,418.965281412
"780",-1.88475856298,-1.87865649855,132.116556347
"781",1.81495914273,1.77298466276,-142.172255309
"782",2.47696079147,2.60212485443,-189.819698013
"783",-1.33052138169,-1.42392725152,90.1924930073
"784",-1.05039546482,-1.18296562099,69.1118163958
"785",1.98644615829,1.98189494269,-154.558234331
"786",0.514766329417,0.313276661999,-47.2976574362
"787",0.265996741763,0.0574701899731,-28.9536616656
"788",1.04516676598,0.883154463624,-86.205036743
"789",-5.4697594897,-4.21298761423,409.925861848
"790",0.548023932872,0.348020465395,-49.7454334071
"791",1.9962288749,1.99393408828,-155.263902471
"792",0,-0.208243841377,-9.2725
"793",3.1741123811,3.54454046733,-239.504622212
"794",-3.01301812965,-2.7199781985,218.329085248
"795",2.29204514222,2.36429168498,-176.555901461
"796",-0.778123352871,-0.941311755799,48.6929416173
"797",-1.37587031251,-1.46222043213,93.6121006158
"798",-6.26256894135,-4.60996642855,472.842165831
"799",0.890366706797,0.713310711184,-74.8785559776
"800",6.7366507566,9.72485311383,-485.144024449
"801",-11.4648904783,-6.45293787481,897.829097947
"802",5.13627508184,6.63286526969,-376.548019028
"803",-1.31046861379,-1.40693146134,88.6809945703
"804",1.24938455484,1.11178037919,-101.110724802
"805",1.24938455484,1.11178037919,-101.110724802
"806",1.02701112643,0.863081326827,-84.8778529509
"807",-2.42876750485,-2.29789649231,173.541552134
"808",-1.32813415705,-1.42190598033,90.0125337508
"809",1.75310447643,1.69861204457,-137.69731485
"810",-3.84396829327,-3.27338408727,282.550400788
"811",3.13146950987,3.48474990678,-236.48021324
"812",-1.0377352587,-1.17189356795,68.1608214714
"813",0.998358601727,0.831485779879,-82.7826740703
"814",-1.83236384078,-1.83688649206,128.141117631
"815",-0.745639507439,-0.911980354192,46.2615199529
"816",2.16055336717,2.19814780001,-167.102627088
"817",0.980080336309,0.811383098866,-81.4456718737
"818",-0.247077628702,-0.448026698394,9.07028721822
"819",-0.50576522484,-0.692017264265,28.3379554419
"820",-3.72447903921,-3.19704282472,273.278187856
"821",0.0582172266633,-0.150766876199,-13.5858871842
"822",2.78203060819,3.00545078133,-211.624277719
"823",1.18779491587,1.04227697492,-96.6197465503
"824",-2.54017129894,-2.38057737145,182.057868869
"825",0.72292427641,0.532889182095,-62.6002410462
"826",0.00294489968894,-0.205345429948,-9.4907702429
"827",0.2408822566,0.032040882206,-27.0983811572
"828",0.474798824154,0.271694588082,-44.3545903083
"829",0,-0.208243841377,-9.2725
"830",-0.725770737292,-0.893986578661,44.7748325781
"831",0.706642600246,0.515525779528,-61.4048472163
"832",-0.239146464483,-0.440433014108,8.48057066078
"833",1.61954221301,1.53976870848,-128.02133424
"834",-2.75820202581,-2.53936832079,198.757705389
"835",0.47762932792,0.274633292399,-44.5630703475
"836",0.23829187006,0.0294221101073,-26.9069866953
"837",-0.235634157515,-0.437067988788,8.21943471029
"838",0.468832278592,0.265503024233,-43.9151001219
"839",-0.712799175706,-0.882217291426,43.804433428
"840",1.14781727758,0.997418912989,-93.7026317151
"841",-0.472723519889,-0.661248307278,25.8733581249
"842",0.921802170231,0.747562707015,-77.1805707722
"843",0.932669009031,0.759431329683,-77.9761193215
"844",-1.70446285126,-1.73386769725,118.447278273
"845",-1.45567715072,-1.52913299247,99.6347167024
"846",1.38068620141,1.26156615298,-110.67222415
"847",0.467289297786,0.263902528298,-43.8014399026
"848",0.00125711597065,-0.207006687897,-9.36567602156
"849",0.47225560868,0.269054951607,-44.1672637024
"850",0.479817151108,0.276905389495,-44.724208518
"851",-0.475450905655,-0.663792442269,26.0767556637
"852",-2.25151394575,-2.16414952576,160.014489417
"853",0.245052154851,0.0362580782225,-27.4064663736
"854",-0.472284987169,-0.660839166065,25.8406547699
"855",1.38608093458,1.26776764367,-111.064702169
"856",-1.20372543288,-1.31580685091,80.6414427294
"857",1.59751523368,1.51380017408,-126.423839313
"858",-0.474304766446,-0.662723406664,25.9912803117
"859",-0.955591505581,-1.09966709796,61.9941089637
"860",0.00494877916111,-0.203372633921,-9.63928908884
"861",0.692231427847,0.500183626359,-60.3465662978
"862",0.231763972695,0.0228260647273,-26.4246344991
"863",0,-0.208243841377,-9.2725
"864",-0.468661930842,-0.657458160215,25.5704742217
"865",1.797802876,1.75230463927,-140.931458072
"866",-1.18887317475,-1.30304004766,79.523664013
"867",0.000309321410441,-0.207939448116,-9.29542669707
"868",-0.952702296565,-1.09711444791,61.7773255087
"869",0.234509085308,0.0255992445685,-26.6274784007
"870",0.690435729108,0.498273662829,-60.2146852159
"871",-0.947610499868,-1.09261375177,61.3952964237
"872",0.68924324416,0.497005509968,-60.1271040622
"873",0,-0.208243841377,-9.2725
"874",-2.15954000913,-2.09367417068,153.006774726
"875",2.62669709031,2.79836140185,-200.53409442
"876",-0.229532142428,-0.431218678861,7.76578521214
"877",-0.70151850575,-0.871968127856,42.9606594081
"878",0.000300524138908,-0.207948105375,-9.29477465045
"879",1.13025941565,0.977781113096,-92.4209522249
"880",-2.65987941857,-2.46825208511,191.221494464
"881",1.34946111373,1.22574512339,-108.399958334
"882",0.679845048547,0.487016904987,-59.4368115224
"883",-0.230140666495,-0.431802182615,7.8110238441
"884",0.68421658051,0.491661751563,-59.7579091103
"885",0.236555228317,0.0276668655801,-26.7786687378
"886",-1.42992114215,-1.50760463467,97.6903934792
"887",0.231763972695,0.0228260647273,-26.4246344991
"888",-1.91543006435,-1.90299279959,134.44492138
"889",0.2459804004,0.0371971218716,-27.4750457689
"890",1.77006747202,1.71895664671,-138.924908461
"891",0.678975652441,0.486093424878,-59.3729504239
"892",0.00475835173063,-0.203560126662,-9.6251756019
"893",-0.228013572168,-0.429762372045,7.65289387676
"894",-0.941321765449,-1.0870514849,60.923496857
"895",-0.937586795872,-1.08374609896,60.6433059979
"896",0.234988268348,0.0260834148157,-26.6628857963
"897",1.55688545733,1.46606798183,-123.475896245
"898",-0.696314458477,-0.867235530192,42.5714467066
"899",-0.462547522323,-0.651749106926,25.1145356692
"900",0.901587464248,0.725522946629,-75.700363317
"901",0.230544296926,0.0215941933194,-26.3345069513
"902",-0.699060169523,-0.869732846483,42.7767962862
"903",0.908518645082,0.7330742644,-76.2079398808
"904",-2.16017022822,-2.09415960425,153.0547664
"905",0.908807335003,0.733388911072,-76.2290798653
"906",-1.16850439815,-1.28549629859,77.9910492336
"907",2.1917667727,2.23736534756,-169.348251531
"908",-2.88075994456,-2.6268963692,208.163634519
"909",1.33673568306,1.21118261525,-107.473640556
"910",-0.225445412097,-0.427298942347,7.46198052106
"911",-0.222854898862,-0.424813348064,7.26941189941
"912",0.884718419023,0.707169153784,-74.4648284989
"913",0.884718419023,0.707169153784,-74.4648284989
"914",-1.38434337596,-1.46935334159,94.2512380279
"915",0.446683408814,0.242555140058,-42.2833292273
"916",-0.453089514361,-0.642910349417,24.409342422
"917",1.52868705126,1.43306788714,-121.428943625
"918",-0.914613082253,-1.06338396395,58.9201480539
"919",-4.58950425075,-3.72647834061,340.681754228
"920",4.09793261449,4.91306144862,-304.548947685
"921",-0.221790021272,-0.423791388678,7.19025493927
"922",1.30478745134,1.17471372562,-105.147326131
"923",1.12203781442,0.968598857026,-91.8206900896
"924",-4.37537570106,-3.60034740239,323.936726496
"925",1.9591878389,1.94841895786,-152.591460778
"926",-0.68642873989,-0.858237712757,41.8321609059
"927",0.225570466527,0.0165723795569,-25.96695233
"928",-1.39067801584,-1.47468157019,94.7291142841
"929",2.3716779312,2.4661083283,-182.272217826
"930",-2.3579847729,-2.24481253415,168.136366182
"931",0.890271355397,0.713207000344,-74.8715719127
"932",-0.916092227862,-1.06469656133,59.0310772924
"933",0.667891205277,0.474327331406,-58.5586819082
"934",-1.60708133579,-1.65441854408,111.076694763
"935",1.72673857846,1.66706677648,-135.78866182
"936",0,-0.208243841377,-9.2725
"937",-1.82668761217,-1.83234630269,127.710586614
"938",2.7184514719,2.92025053351,-207.088035534
"939",-1.12577643184,-1.24856247707,74.7773190341
"940",2.5429246409,2.68816721922,-194.542624661
"941",-1.59363085362,-1.64337552302,110.059348632
"942",-0.221093302484,-0.423122683612,7.1384654075
"943",-2.8537619228,-2.60772077254,206.090468117
"944",1.53734031123,1.44318354744,-122.057178668
"945",-0.909919201899,-1.05921714693,58.5681419197
"946",0.228039572714,0.0190649542647,-26.1494166124
"947",0.00445335643164,-0.203860413277,-9.60257086945
"948",0.871669759164,0.692995827271,-73.5089151276
"949",0.656083698653,0.461809820736,-57.691163626
"950",0.88056148183,0.702651675221,-74.1603196622
"951",-1.84299229521,-1.84537987283,128.947345209
"952",-1.36744404746,-1.45512010636,92.9765596809
"953",-0.428557852986,-0.61994082001,22.5806500096
"954",-0.855998614012,-1.01119197432,54.5259924811
"955",0.673671229109,0.480460973876,-58.9833002245
"956",3.76497030286,4.40327240909,-281.211426715
"957",-1.9974881117,-1.96768459989,140.678437965
"958",-1.54344337343,-1.6020214474,106.264828544
"959",0.433116856099,0.228527374419,-41.2836044618
"960",1.24669972895,1.10874055313,-100.915032664
"961",-0.4281908021,-0.619596658906,22.5532928804
"962",-0.642219380753,-0.817875789131,38.5271803103
"963",0.421701878699,0.216740896091,-40.4422902413
"964",0.418723021067,0.213667579805,-40.2227194727
"965",0.210066035018,0.0009364008166,-24.8210556629
"966",-1.51307819557,-1.5768859106,103.970146281
"967",1.62866062711,1.55053757899,-128.68249833
"968",1.44003653518,1.32999894034,-114.988469539
"969",-2.19608682274,-2.12176706788,155.790441371
"970",-0.212230425098,-0.414611578201,6.47969770695
"971",-0.423830116527,-0.615506819993,22.2282910366
"972",1.2358384452,1.09645248001,-100.123299353
"973",1.24450153654,1.10625238713,-100.75480498
"974",0.0163841733109,-0.192106095236,-10.4867563464
"975",1.08342427582,0.925586656649,-89.0005970743
"976",-2.24947692205,-2.16259666253,159.859200293
"977",0.00244346914883,-0.205839012821,-9.45360577946
"978",-0.893864660164,-1.04494857224,57.3643280201
"979",2.1198219592,2.14717758771,-164.170728423
"980",-1.1211275684,-1.24453321772,74.4277640067
"981",1.53752129119,1.44339521781,-122.070317179
"982",-2.59094818982,-2.4179136718,185.943250178
"983",0,-0.208243841377,-9.2725
"984",-0.227484072874,-0.429254524289,7.61353113476
"985",-0.685247501789,-0.857161896444,41.7438303396
"986",1.10490678452,0.949493342284,-90.5697300596
"987",0.890548612623,0.71350856774,-74.8918797431
"988",-1.872154647,-1.86863121583,131.160006185
"989",-0.911049050545,-1.0602203303,58.652870267
"990",2.15532242914,2.19158890137,-166.726193085
"991",0.450903966535,0.246923547059,-42.5943069927
"992",-1.86722897507,-1.86470936861,130.786221405
"993",0.888319121041,0.711083858023,-74.728577465
"994",1.11044055241,0.955660904686,-90.9738547537
"995",-1.15631293235,-1.27497630627,77.0739087887
"996",-3.35319301757,-2.95297388785,244.546548802
"997",2.17109966091,2.21138315295,-167.861484357
"998",-0.899494443677,-1.04995503122,57.7864370099
"999",0.232039287917,0.02310415624,-26.4449786278
"1000",1.21258301122,1.0701924015,-98.4276963437
